{
  "m_b": 17.145307000000006,
  "h_cm": 0.0669083353305951,
  "I_pitch": 0.2404416275037652,
  "I_yaw": 0.5883197284732619,
  "wheel_radius": 0.12705,
  "wheel_sep": 0.28075,
  "m_wheel": 1.16008,
  "I_wheel": 0.00732079,
  "_knee_wheel_inertia": 0.00014,
  "_total_mass_3d": 19.465467000000007
}